language,filename,blank,comment,code,"http://cloc.sourceforge.net v 1.64  T=0.32 s (66.6 files/s, 8377.2 lines/s)"
C++,Vec2.cpp,72,11,358
C++,Sprite.cpp,22,9,156
C++,Window.cpp,31,26,149
C++,Engine.cpp,24,10,143
C++,Animation.cpp,19,9,134
C++,Font.cpp,42,86,124
C++,GameObject.cpp,29,10,116
C++,Collision.cpp,30,36,101
C++,Matrix.cpp,18,9,95
C++,Input.cpp,9,11,93
C++,Texture.cpp,24,12,73
C++,TextureManager.cpp,13,30,61
C++,Path.cpp,7,11,55
C++,Logger.cpp,11,12,50
C++,GameObjectManager.cpp,6,9,46
C++,GameStateManager.cpp,6,8,43
C++,Camera.cpp,9,9,33
C++,Random.cpp,6,7,32
C++,Particle.cpp,4,10,27
C++,TextManager.cpp,6,0,18
C++,ShowCollision.cpp,3,9,11
